title,price,property_type,location,publication_date,link
Maison dalila,260 000,Maisons,El Mourouj,22/03/2025,DetailsAnnonceImmobilier.asp?cod_ann=3359430
Terrain pour bàtir,40 000,Terrain nu,El Mourouj,22/03/2025,DetailsAnnonceImmobilier.asp?cod_ann=3255474
S1 et s0 avec grande ter,880,App. 2 pièc,Riadh Landlous,22/03/2025,DetailsAnnonceImmobilier.asp?cod_ann=3385584
Local khelidia,55 000,Surfaces,Khelidia,22/03/2025,DetailsAnnonceImmobilier.asp?cod_ann=3345390
S2 jardin de carthage,3 500,App. 3 pièc,Jardins de Cart,22/03/2025,DetailsAnnonceImmobilier.asp?cod_ann=3386265
S2 meublé au jardins de,3 300,App. 3 pièc,Jardins de Cart,22/03/2025,DetailsAnnonceImmobilier.asp?cod_ann=3388104
Chic s1 aux jardin de ca,1 850,App. 2 pièc,Jardins de Cart,22/03/2025,DetailsAnnonceImmobilier.asp?cod_ann=3386817
Appartement pour famille,140 000,App. 2 pièc,Hammam Sousse,22/03/2025,DetailsAnnonceImmobilier.asp?cod_ann=3229388
Appartement lumineux s2,1 700,App. 3 pièc,Ain Zaghouan,22/03/2025,DetailsAnnonceImmobilier.asp?cod_ann=3389670
Appartement de charme da,1 400,App. 2 pièc,Sidi Daoud,22/03/2025,DetailsAnnonceImmobilier.asp?cod_ann=3387636
S3 rdc résidence calme b,580 000,App. 4 pièc,Ain Zaghouan,22/03/2025,DetailsAnnonceImmobilier.asp?cod_ann=3388256
Appartement haut standing a n,1 000,App. 3 pièc,Hammam Sousse,22/03/2025,DetailsAnnonceImmobilier.asp?cod_ann=3229259
Appartement haut standing a n,900,App. 3 pièc,Hammam Sousse,22/03/2025,DetailsAnnonceImmobilier.asp?cod_ann=3144167
Immeuble sur artère prin,11 000,Bureau,Tunis Belvedere,22/03/2025,DetailsAnnonceImmobilier.asp?cod_ann=3341911
Villa usg professionnel,5 200,Bureau,El Menzah 1,22/03/2025,DetailsAnnonceImmobilier.asp?cod_ann=3382804
S plus deux très propre,1 000,App. 3 pièc,Ain Zaghouan,22/03/2025,DetailsAnnonceImmobilier.asp?cod_ann=3390422
Penthouse s plus 2,325 000,App. 3 pièc,Sfax,22/03/2025,DetailsAnnonceImmobilier.asp?cod_ann=3390960
Etage de villa s4 à la m,1 800,App. 5 pièc,Cite Des Juges,22/03/2025,DetailsAnnonceImmobilier.asp?cod_ann=3390734
Appartement s 2 au rdc mourou,115 000,App. 2 pièc,El Mourouj,22/03/2025,DetailsAnnonceImmobilier.asp?cod_ann=3390959
S1 à ain zaghouan,175 000,App. 2 pièc,Ain Zaghouan,22/03/2025,DetailsAnnonceImmobilier.asp?cod_ann=3390731
S1 avec jardin à la mars,250 000,App. 2 pièc,Cite Erriadh,22/03/2025,DetailsAnnonceImmobilier.asp?cod_ann=3390726
Appartement s4 meublé,2 000,App. 4 pièc,El Menzah 5,22/03/2025,DetailsAnnonceImmobilier.asp?cod_ann=3390376
Rez de jardin s2 avec ga,1 100,Maisons,El Manar 2,22/03/2025,DetailsAnnonceImmobilier.asp?cod_ann=3387860
Offre à ne pas rater ter,161 000,Terrain agr,Chatt Meriem,22/03/2025,DetailsAnnonceImmobilier.asp?cod_ann=3346093
Terrain cloturé 5050m su,1 262 500,Terrain agr,Chatt Meriem,22/03/2025,DetailsAnnonceImmobilier.asp?cod_ann=3284567
Ter 254m2   avec voisin  sur,255 000,Terrain nu,El Manar 1,22/03/2025,DetailsAnnonceImmobilier.asp?cod_ann=3389658
Appt s2 h standing rev 1000 d,245 000,App. 3 pièc,Cite El Ghazala,22/03/2025,DetailsAnnonceImmobilier.asp?cod_ann=3355759
S plus deux bien exposé,240 000,App. 3 pièc,Ain Zaghouan,22/03/2025,DetailsAnnonceImmobilier.asp?cod_ann=3385916
Appt s2 luxueux à ta,2 400,App. 3 pièc,Chatt Meriem,22/03/2025,DetailsAnnonceImmobilier.asp?cod_ann=3147710
Bureau h3 à montplaisir,1 500,Surfaces,Montplaisir,22/03/2025,DetailsAnnonceImmobilier.asp?cod_ann=3390216
S1 totalement meublé,600,App. 1 pièc,La Soukra,22/03/2025,DetailsAnnonceImmobilier.asp?cod_ann=3036013
Luxueux s2 meublé par se,1 550,App. 3 pièc,La Soukra,22/03/2025,DetailsAnnonceImmobilier.asp?cod_ann=2966900
Dépôt à boumhal bassatine,900,Autre,Bou Mhel,22/03/2025,DetailsAnnonceImmobilier.asp?cod_ann=3304517
S1 meublé a tunis,550,App. 2 pièc,La Soukra,22/03/2025,DetailsAnnonceImmobilier.asp?cod_ann=2964641
Terrain 1324m planté 12,158 880,Terrain agr,Chatt Meriem,22/03/2025,DetailsAnnonceImmobilier.asp?cod_ann=3385203
Un appartement à menzeh 8,420 000,App. 4 pièc,El Menzah 8,22/03/2025,DetailsAnnonceImmobilier.asp?cod_ann=3374827
Terrain à oued lil avec des b,625 000,Terrain agr,Oued Ellil,22/03/2025,DetailsAnnonceImmobilier.asp?cod_ann=3336777
Magnifique bureaux de tr,900,Bureau,Sahloul,22/03/2025,DetailsAnnonceImmobilier.asp?cod_ann=3080269
Etage villa à ariana supérieu,900,Autre,Ariana,22/03/2025,DetailsAnnonceImmobilier.asp?cod_ann=3378656
Immeuble haut standing s,7 000,Bureau,Mutuelle Ville,22/03/2025,DetailsAnnonceImmobilier.asp?cod_ann=3342829
Plateau sup 300 m à el m,5 000,Bureau,El Menzah 4,22/03/2025,DetailsAnnonceImmobilier.asp?cod_ann=3342830
Usg habitation ou bureau,1 600,App. 3 pièc,El Menzah 4,22/03/2025,DetailsAnnonceImmobilier.asp?cod_ann=3341905
Suite à aouina wahat appartem,1 300,App. 3 pièc,El Aouina,22/03/2025,DetailsAnnonceImmobilier.asp?cod_ann=3380959
Aux ain zaghouan magnifique v,2 950,Duplex,Ain Zaghouan,22/03/2025,DetailsAnnonceImmobilier.asp?cod_ann=3357875
Studio s1 au 5ème étage suite,950,App. 2 pièc,El Aouina,22/03/2025,DetailsAnnonceImmobilier.asp?cod_ann=3383546
Appartement jihen montfl,200 000,Maisons,Monfleury,22/03/2025,DetailsAnnonceImmobilier.asp?cod_ann=3263931
App s1 jamais habite,1 000,App. 2 pièc,El Aouina,22/03/2025,DetailsAnnonceImmobilier.asp?cod_ann=3390957
Appartement s3 a la goul,720 000,App. 3 pièc,La Goulette,22/03/2025,DetailsAnnonceImmobilier.asp?cod_ann=3298607
Appartement mourouj 2,110 000,App. 4 pièc,El Mourouj 2,22/03/2025,DetailsAnnonceImmobilier.asp?cod_ann=3365485
Réf 108v bel appartement s 3,500 000,App. 4 pièc,Cite El Khalil,22/03/2025,DetailsAnnonceImmobilier.asp?cod_ann=3379097
Appartement s1 mourouj 6,190 000,App. 2 pièc,El Mourouj,22/03/2025,DetailsAnnonceImmobilier.asp?cod_ann=3320292
Réf 105v une grande villa s5,1 000 000,Duplex,Ariana,22/03/2025,DetailsAnnonceImmobilier.asp?cod_ann=3378562
Studio meublè ibn kholdo,340,App. 1 pièc,Cite Ibn Khaldo,22/03/2025,DetailsAnnonceImmobilier.asp?cod_ann=3371785
S2 semi meublé à gammart,4 200,App. 3 pièc,Gammart,22/03/2025,DetailsAnnonceImmobilier.asp?cod_ann=3345482
Réf 85v appartement richement,680 000,App. 3 pièc,Ain Zaghouan,22/03/2025,DetailsAnnonceImmobilier.asp?cod_ann=3361325
Appartement s2 avec tera,420 000,App. 3 pièc,Cite Erriadh,22/03/2025,DetailsAnnonceImmobilier.asp?cod_ann=3386398
App s2 vide,1 360,App. 2 pièc,El Aouina,22/03/2025,DetailsAnnonceImmobilier.asp?cod_ann=3390956
Suite à lac 1 duplex s3 meubl,2 300,Duplex,Berge Du Lac,22/03/2025,DetailsAnnonceImmobilier.asp?cod_ann=3362481
Entre jardin de carthage et a,1 500,App. 4 pièc,Jardins de Cart,22/03/2025,DetailsAnnonceImmobilier.asp?cod_ann=3380943
Studio s1 meublé indépendant,1 200,App. 2 pièc,Marsa Erriadh,22/03/2025,DetailsAnnonceImmobilier.asp?cod_ann=3379180
Opportunité a la marsa plage,750 000,Terrain nu,Marsa Safsaf,22/03/2025,DetailsAnnonceImmobilier.asp?cod_ann=3390955
Cité lwahat appartement s 2 v,1 100,App. 3 pièc,El Aouina,22/03/2025,DetailsAnnonceImmobilier.asp?cod_ann=3367600
Investissement a la marsa pla,750 000,Maisons,Marsa Safsaf,22/03/2025,DetailsAnnonceImmobilier.asp?cod_ann=3390954
App s2 jbal khawi,950,App. 3 pièc,Cite De La Tele,22/03/2025,DetailsAnnonceImmobilier.asp?cod_ann=3383885
Appartement s2 taieb mhiri,1 100,App. 2 pièc,El Aouina,22/03/2025,DetailsAnnonceImmobilier.asp?cod_ann=3378933
Bureau s0 a boumhel,480,App. 1 pièc,Bou Mhel,22/03/2025,DetailsAnnonceImmobilier.asp?cod_ann=3268485
Bureau haut standing s3 à bou,950,App. 3 pièc,Bou Mhel,22/03/2025,DetailsAnnonceImmobilier.asp?cod_ann=3309018
Villa de charme à boumhel bel,1 250 000,Maisons,Bou Mhel,22/03/2025,DetailsAnnonceImmobilier.asp?cod_ann=3370566
S1 au rdc qui ouvre sur,800,App. 2 pièc,Cite Universita,22/03/2025,DetailsAnnonceImmobilier.asp?cod_ann=3312286
App s2 hs au rdc à afh m,1 200,App. 3 pièc,Hammamet,22/03/2025,DetailsAnnonceImmobilier.asp?cod_ann=3295301
S1 aux jardins de cartha,1 300,App. 2 pièc,Jardins de Cart,22/03/2025,DetailsAnnonceImmobilier.asp?cod_ann=3390953
Des appartements direct,208 000,App. 2 pièc,Ain Zaghouan,22/03/2025,DetailsAnnonceImmobilier.asp?cod_ann=3366388
Local commercial rue du,2 500,Autre,La Soukra,22/03/2025,DetailsAnnonceImmobilier.asp?cod_ann=3358205
S plus deux jamais habit,1 200,App. 2 pièc,Ain Zaghouan,22/03/2025,DetailsAnnonceImmobilier.asp?cod_ann=3364097
Rez de chaussée à 2,1 500,App. 3 pièc,Cite Presidenti,22/03/2025,DetailsAnnonceImmobilier.asp?cod_ann=3345140
Bureaux standing men,900,App. 2 pièc,Hammam Sousse,22/03/2025,DetailsAnnonceImmobilier.asp?cod_ann=3376983
Rez de chaussée vill,6 000,App. 5 pièc,Cite Presidenti,22/03/2025,DetailsAnnonceImmobilier.asp?cod_ann=3100679
Terrain à sidi abdelaziz la m,9 600 000,Terrain nu,Marsa Safsaf,22/03/2025,DetailsAnnonceImmobilier.asp?cod_ann=3353794
Appartement rdc a la marsa,480 000,App. 4 pièc,Cite Des Juges,22/03/2025,DetailsAnnonceImmobilier.asp?cod_ann=3387542
Maison a la marsa ville,1 400 000,Maisons,Cite Du Stade,22/03/2025,DetailsAnnonceImmobilier.asp?cod_ann=3344411
S2 au 2eme étage à la ma,310 000,App. 3 pièc,Cite Des Juges,22/03/2025,DetailsAnnonceImmobilier.asp?cod_ann=3390729
Terrain à ghazela 2 ariana,150 000,Autre,Cite El Ghazala,22/03/2025,DetailsAnnonceImmobilier.asp?cod_ann=3341948
S1 au rez de chaussée à,210 000,App. 2 pièc,Cite Des Juges,22/03/2025,DetailsAnnonceImmobilier.asp?cod_ann=3390727
Villa de maitre à cartha,12 000,Maisons,Carthage,22/03/2025,DetailsAnnonceImmobilier.asp?cod_ann=3390725
Un terrain à jabess sidi thab,250 000,Autre,Jabbes,22/03/2025,DetailsAnnonceImmobilier.asp?cod_ann=3360819
Appartement s plus 2 ain,280 000,App. 2 pièc,Ain Zaghouan,22/03/2025,DetailsAnnonceImmobilier.asp?cod_ann=3390815
Senia cloturé 2 hectares,450 000,Terrain agr,Belaoum,22/03/2025,DetailsAnnonceImmobilier.asp?cod_ann=3381779
Spacieux villa style amé,1 050 000,Maisons,Sahloul,22/03/2025,DetailsAnnonceImmobilier.asp?cod_ann=3384127
Appartement s3 menzah 7,1 350,App. 5 pièc,El Menzah 7,22/03/2025,DetailsAnnonceImmobilier.asp?cod_ann=3390952
Appartement s2 derriére,105 000,App. 3 pièc,Sousse,22/03/2025,DetailsAnnonceImmobilier.asp?cod_ann=3314248
Appartement  à mourouj 5,130 000,App. 2 pièc,El Mourouj,22/03/2025,DetailsAnnonceImmobilier.asp?cod_ann=3333216
Villa avec étage a hammam sou,1 250 000,Maisons,Hammam Sousse,22/03/2025,DetailsAnnonceImmobilier.asp?cod_ann=3144164
Un dépot de 130m2 pour stocka,600,Surfaces,Cite De L'Aerop,22/03/2025,DetailsAnnonceImmobilier.asp?cod_ann=2724689
Terrain  à boumhal,99 840,Terrain nu,Chala,22/03/2025,DetailsAnnonceImmobilier.asp?cod_ann=3255456
Bel appartement hsd,180 000,App. 3 pièc,El Mourouj,22/03/2025,DetailsAnnonceImmobilier.asp?cod_ann=3362219
Un terrain titré de 500m,300 000,Terrain nu,Dar Fadhal,22/03/2025,DetailsAnnonceImmobilier.asp?cod_ann=3084473
Cite riad mourouj3,650 000,Duplex,Cite El Bochra,22/03/2025,DetailsAnnonceImmobilier.asp?cod_ann=3297305
Terrain à  ain zaghouan,400 000,Terrain nu,Ain Zaghouan,22/03/2025,DetailsAnnonceImmobilier.asp?cod_ann=3336367
Maison maher,190 000,Maisons,Mohamadia,22/03/2025,DetailsAnnonceImmobilier.asp?cod_ann=3379613
Appartement de reve,1 000,App. 2 pièc,Mahdia,22/03/2025,DetailsAnnonceImmobilier.asp?cod_ann=2984891
Immeuble velletri à,170 000,App. 5 pièc,Mornaguia,22/03/2025,DetailsAnnonceImmobilier.asp?cod_ann=3367701
Terrain sis à charguia 1 tuni,999 999,Terrain nu,El Charguia,22/03/2025,DetailsAnnonceImmobilier.asp?cod_ann=3390951
Villa haut standing a sahloul,3 500 000,App. 4 pièc,Sahloul,22/03/2025,DetailsAnnonceImmobilier.asp?cod_ann=3141911
Locaux commerciaux c,400 000,Surfaces,Sousse Riadh,22/03/2025,DetailsAnnonceImmobilier.asp?cod_ann=3346349
Immeuble prestigieux 4 n,56 000,Autre,Mutuelle Ville,22/03/2025,DetailsAnnonceImmobilier.asp?cod_ann=3294755
Terrain 1100 m r5 montpl,5 000 000,Autre,Kheireddine Pac,22/03/2025,DetailsAnnonceImmobilier.asp?cod_ann=3346094
Un local commercial spac,4 500,Duplex,Montplaisir,22/03/2025,DetailsAnnonceImmobilier.asp?cod_ann=3336918
Un local commercial 273,4 000,Surfaces,Montplaisir,22/03/2025,DetailsAnnonceImmobilier.asp?cod_ann=3254729
Terrain pour villa,225 000,Terrain nu,Hammam Sousse G,22/03/2025,DetailsAnnonceImmobilier.asp?cod_ann=3141910
Plateau 200m en open spa,4 200,Bureau,Tunis Belvedere,22/03/2025,DetailsAnnonceImmobilier.asp?cod_ann=3296006
Terrain titré 18590 m r2,2 230 800,Autre,Mornag,22/03/2025,DetailsAnnonceImmobilier.asp?cod_ann=3363635
Bureau h3 55 m a lafayet,800,App. 3 pièc,Republique,22/03/2025,DetailsAnnonceImmobilier.asp?cod_ann=3384537
Appartement s1 ref0023,450,App. 1 pièc,La Mannouba,22/03/2025,DetailsAnnonceImmobilier.asp?cod_ann=3388896
Plateau 662 m en open sp,15 723,Autre,Montplaisir,22/03/2025,DetailsAnnonceImmobilier.asp?cod_ann=3364968
Al étage de villa s3 ref,800,Maisons,La Mannouba,22/03/2025,DetailsAnnonceImmobilier.asp?cod_ann=3385895
Riadh el andalous joli a,1 299,App. 5 pièc,Riadh Landlous,22/03/2025,DetailsAnnonceImmobilier.asp?cod_ann=3390950
Appartement s1 réf 18173,600,App. 1 pièc,La Mannouba,22/03/2025,DetailsAnnonceImmobilier.asp?cod_ann=3386377
Villa avec piscine a,958 000,Maisons,Aghir,22/03/2025,DetailsAnnonceImmobilier.asp?cod_ann=3325733
Villa avec piscine a,530 000,Maisons,Midoun,22/03/2025,DetailsAnnonceImmobilier.asp?cod_ann=3324743
Local commercial a el mou,320 000,Surfaces,El Mourouj,22/03/2025,DetailsAnnonceImmobilier.asp?cod_ann=3344965
Un bien exceptionnel,1 100 000,Maisons,Midoun,22/03/2025,DetailsAnnonceImmobilier.asp?cod_ann=3365577
A  un s2 de 130m2 au lac,1 700,App. 1 pièc,Berge Du Lac,22/03/2025,DetailsAnnonceImmobilier.asp?cod_ann=3390947
S2 meublé  par nuitée 12,2 500,App. 3 pièc,Riadh Landlous,22/03/2025,DetailsAnnonceImmobilier.asp?cod_ann=3018146
Des s1 meublé par nuitée,1 700,App. 2 pièc,Cite Ennasr 1,22/03/2025,DetailsAnnonceImmobilier.asp?cod_ann=2995302
Villa meublée avec pisci,500,Maisons,Bir Bouregba,22/03/2025,DetailsAnnonceImmobilier.asp?cod_ann=3289966
Appartement s1 réf 18173,600,App. 1 pièc,La Mannouba,22/03/2025,DetailsAnnonceImmobilier.asp?cod_ann=3386377
Villa avec piscine a,958 000,Maisons,Aghir,22/03/2025,DetailsAnnonceImmobilier.asp?cod_ann=3325733
Villa avec piscine a,530 000,Maisons,Midoun,22/03/2025,DetailsAnnonceImmobilier.asp?cod_ann=3324743
Local commercial a el mou,320 000,Surfaces,El Mourouj,22/03/2025,DetailsAnnonceImmobilier.asp?cod_ann=3344965
Un bien exceptionnel,1 100 000,Maisons,Midoun,22/03/2025,DetailsAnnonceImmobilier.asp?cod_ann=3365577
A  un s2 de 130m2 au lac,1 700,App. 1 pièc,Berge Du Lac,22/03/2025,DetailsAnnonceImmobilier.asp?cod_ann=3390947
S2 meublé  par nuitée 12,2 500,App. 3 pièc,Riadh Landlous,22/03/2025,DetailsAnnonceImmobilier.asp?cod_ann=3018146
Des s1 meublé par nuitée,1 700,App. 2 pièc,Cite Ennasr 1,22/03/2025,DetailsAnnonceImmobilier.asp?cod_ann=2995302
Villa meublée avec pisci,500,Maisons,Bir Bouregba,22/03/2025,DetailsAnnonceImmobilier.asp?cod_ann=3289966
S2 hst meublé par nuitée,2 500,App. 3 pièc,Ezzahra,22/03/2025,DetailsAnnonceImmobilier.asp?cod_ann=3018013
Villa  avec piscine au m,4 000,Maisons,Bir Bouregba,22/03/2025,DetailsAnnonceImmobilier.asp?cod_ann=3246020
Menzah 5 spacieux appart,1 399,App. 5 pièc,El Menzah 5,22/03/2025,DetailsAnnonceImmobilier.asp?cod_ann=3390946
Des s1 meublé haut stand,1 500,App. 2 pièc,Cite Ennasr 1,22/03/2025,DetailsAnnonceImmobilier.asp?cod_ann=2986476
Duplex au lac 2,5 000,Duplex,Berge Du Lac,22/03/2025,DetailsAnnonceImmobilier.asp?cod_ann=3388389
Appartement s2 à jinen h,330 000,App. 2 pièc,Hammamet,22/03/2025,DetailsAnnonceImmobilier.asp?cod_ann=3390945
S1 meublé haut standing,1 600,App. 2 pièc,Cite Ennasr 1,22/03/2025,DetailsAnnonceImmobilier.asp?cod_ann=2987018
Bureau  au berges du lac,2 500,Autre,Berge Du Lac,22/03/2025,DetailsAnnonceImmobilier.asp?cod_ann=3388429
S1 meublé haut standing,1 900,App. 2 pièc,Cite Ennasr 1,22/03/2025,DetailsAnnonceImmobilier.asp?cod_ann=2993167
Bureau spacieux,3 400,Autre,Berge Du Lac,22/03/2025,DetailsAnnonceImmobilier.asp?cod_ann=3388417
Réf 107v appartement s3 au 2è,175 000,App. 4 pièc,Ariana,22/03/2025,DetailsAnnonceImmobilier.asp?cod_ann=3378558
S1 ain zaghuan nord,387 000,App. 2 pièc,Ain Zaghouan,22/03/2025,DetailsAnnonceImmobilier.asp?cod_ann=3389173
S1 neuf à ain zaghouan n,370 000,App. 1 pièc,Ain Zaghouan,22/03/2025,DetailsAnnonceImmobilier.asp?cod_ann=3389135
Réf 79v une coquette appartem,230 000,App. 2 pièc,El Aouina,22/03/2025,DetailsAnnonceImmobilier.asp?cod_ann=3361330
Immeuble avellino à,250 000,App. 5 pièc,Mornaguia,22/03/2025,DetailsAnnonceImmobilier.asp?cod_ann=3363266
Partage chambre cite oly,200,App. 3 pièc,Cite Oplympique,22/03/2025,DetailsAnnonceImmobilier.asp?cod_ann=3390585
Un s2 ain zaghouan nord,1 700,App. 3 pièc,Ain Zaghouan,22/03/2025,DetailsAnnonceImmobilier.asp?cod_ann=3389767
Réf 84v magnifique villa avec,830 000,Maisons,Hammamet,22/03/2025,DetailsAnnonceImmobilier.asp?cod_ann=3361328
Suite à sidi daoued la marsa,2 600,Atelier,Sidi Daoud,22/03/2025,DetailsAnnonceImmobilier.asp?cod_ann=3375114
S2 neuf aux jardins de c,3 500,App. 3 pièc,Jardins de Cart,22/03/2025,DetailsAnnonceImmobilier.asp?cod_ann=3385965
Aux wahat aouina apparemment,950,App. 2 pièc,El Aouina,22/03/2025,DetailsAnnonceImmobilier.asp?cod_ann=3383550
S1 aux jardins de cartha,2 500,App. 2 pièc,Jardins de Cart,22/03/2025,DetailsAnnonceImmobilier.asp?cod_ann=3385963
Studio yolyous à sid,440 000,App. 1 pièc,Sidi Bousaid,22/03/2025,DetailsAnnonceImmobilier.asp?cod_ann=3375258
Aux jardins aouina au 3ème ét,920,App. 2 pièc,El Aouina,22/03/2025,DetailsAnnonceImmobilier.asp?cod_ann=3387025
App s3 au jardins de car,2 200,App. 3 pièc,Jardins de Cart,22/03/2025,DetailsAnnonceImmobilier.asp?cod_ann=3390317
Rez de chaussée suite à la ma,800,App. 3 pièc,Cite El Moez,22/03/2025,DetailsAnnonceImmobilier.asp?cod_ann=3387021
Un terrain à jabbes sidi thab,200 000,Autre,Jabbes,22/03/2025,DetailsAnnonceImmobilier.asp?cod_ann=3348749
Coquette studio s1 meublé aux,1 200,App. 2 pièc,Cite Du Stade,22/03/2025,DetailsAnnonceImmobilier.asp?cod_ann=3379186
Bureau h3 au lac1,500 000,Bureau,Berge Du Lac,22/03/2025,DetailsAnnonceImmobilier.asp?cod_ann=3390721
S3 aux berges du lac2,3 200,App. 4 pièc,Berge Du Lac,22/03/2025,DetailsAnnonceImmobilier.asp?cod_ann=3386838
Bel appartement s2 aux jardin,1 100,App. 3 pièc,Jardins d'el Me,22/03/2025,DetailsAnnonceImmobilier.asp?cod_ann=3388379
Magnifique app s3 lac 2,3 300,App. 4 pièc,Berge Du Lac,22/03/2025,DetailsAnnonceImmobilier.asp?cod_ann=3386864
Local commercial à la ma,3 000,Bureau,Cite Du Stade,22/03/2025,DetailsAnnonceImmobilier.asp?cod_ann=3390724
Appartement s2 au lac 2,2 800,App. 3 pièc,Berge Du Lac,22/03/2025,DetailsAnnonceImmobilier.asp?cod_ann=3386843
S2 à ain zaghouan nord,1 950,App. 3 pièc,Ain Zaghouan,22/03/2025,DetailsAnnonceImmobilier.asp?cod_ann=3390720
Jardin el menzeh 2,461 500,Autre,Cite Rous El Ha,22/03/2025,DetailsAnnonceImmobilier.asp?cod_ann=3360135
Appartement s3 à sidi bo,3 500,App. 3 pièc,Sidi Bousaid,22/03/2025,DetailsAnnonceImmobilier.asp?cod_ann=3379413
Une villa avec piscine,5 700,Autre,Gammart,22/03/2025,DetailsAnnonceImmobilier.asp?cod_ann=3387306
Appartement s2 vue mer à,4 000,App. 3 pièc,Marsa Safsaf,22/03/2025,DetailsAnnonceImmobilier.asp?cod_ann=3385080
Soukra spacieux appt s3,1 300,App. 5 pièc,La Soukra,22/03/2025,DetailsAnnonceImmobilier.asp?cod_ann=3390944
Villa usg bureau 6 pièce,3 700,Autre,Mutuelle Ville,22/03/2025,DetailsAnnonceImmobilier.asp?cod_ann=3349718
Villa avec piscine à gam,5 700,Maisons,Gammart,22/03/2025,DetailsAnnonceImmobilier.asp?cod_ann=3376873
Local commercial à l'aou,420 000,Bureau,El Aouina,22/03/2025,DetailsAnnonceImmobilier.asp?cod_ann=3388516
Une villa non achevée à,290 000,Autre,Raoued,22/03/2025,DetailsAnnonceImmobilier.asp?cod_ann=3360130
Appartement à hammamet n,380 000,App. 3 pièc,Hammamet,22/03/2025,DetailsAnnonceImmobilier.asp?cod_ann=3390943
Plateau moderne sup 300,7 000,Bureau,Mutuelle Ville,22/03/2025,DetailsAnnonceImmobilier.asp?cod_ann=3333583
Un luxueux penthouse au,2 000 000,App. 1 pièc,Berge Du Lac,22/03/2025,DetailsAnnonceImmobilier.asp?cod_ann=3385177
Bureau en hall 3 a monpl,1 700,Bureau,Montplaisir,22/03/2025,DetailsAnnonceImmobilier.asp?cod_ann=3339529
Appartement meublé au ce,1 100,App. 1 pièc,Montplaisir,22/03/2025,DetailsAnnonceImmobilier.asp?cod_ann=3334102
Haut standing spacie,1 400,App. 5 pièc,Cite Sahloul,22/03/2025,DetailsAnnonceImmobilier.asp?cod_ann=3253267
Un appartement s2 neuf à,405 000,App. 3 pièc,La Soukra,22/03/2025,DetailsAnnonceImmobilier.asp?cod_ann=3274862
Bureau s1 sup 80 m au ce,1 150,Bureau,Zone urbaine no,22/03/2025,DetailsAnnonceImmobilier.asp?cod_ann=3383615
Duplex s4 de 160m2 à la,730 000,Duplex,La Soukra,22/03/2025,DetailsAnnonceImmobilier.asp?cod_ann=3337890
Excellent appart au rdc,620,App. 3 pièc,Denden,22/03/2025,DetailsAnnonceImmobilier.asp?cod_ann=3390743
Terrain commercial r,555 000,Terrain nu,Hammam Sousse,22/03/2025,DetailsAnnonceImmobilier.asp?cod_ann=3073159
Rez de chaussée hs meubl,2 800,Maisons,El Omrane,22/03/2025,DetailsAnnonceImmobilier.asp?cod_ann=3330500
Spacieux étage à bou,1 400,App. 5 pièc,Sousse,22/03/2025,DetailsAnnonceImmobilier.asp?cod_ann=3248297
Villa usage bureautique,3 500,Bureau,Mutuelle Ville,22/03/2025,DetailsAnnonceImmobilier.asp?cod_ann=3332589
S plus 1 jardins de cart,1 300,App. 1 pièc,Jardins de Cart,22/03/2025,DetailsAnnonceImmobilier.asp?cod_ann=3390440
S plus 2 la nouvelle sou,1 300,App. 2 pièc,El Aouina,22/03/2025,DetailsAnnonceImmobilier.asp?cod_ann=3390438
S plus 2 jardins de laou,250 000,App. 2 pièc,El Aouina,22/03/2025,DetailsAnnonceImmobilier.asp?cod_ann=3390795
S plus 3 a la cité n,150 000,App. 4 pièc,Cite Ennouzha,22/03/2025,DetailsAnnonceImmobilier.asp?cod_ann=3354474
Terrain 1032m akouda à 1,159 960,Terrain agr,Akouda,22/03/2025,DetailsAnnonceImmobilier.asp?cod_ann=3387693
Belle maison borj cedria,820 000,Maisons,Borj Cedria,22/03/2025,DetailsAnnonceImmobilier.asp?cod_ann=3325694
Villa avec piscine à ham,2 000 000,Maisons,Hammamet,22/03/2025,DetailsAnnonceImmobilier.asp?cod_ann=3383704
Adel  terrain khelija,66 000,Terrain nu,Cite El Bassati,22/03/2025,DetailsAnnonceImmobilier.asp?cod_ann=3363141
Maison  à boumhel,550 000,Duplex,Bou Mhel,22/03/2025,DetailsAnnonceImmobilier.asp?cod_ann=3321758
Terrain à 500 m avec vue de m,35 000,Terrain nu,Hammamet,22/03/2025,DetailsAnnonceImmobilier.asp?cod_ann=3375084
S3 avec piscine à ain za,6 000,App. 4 pièc,Ain Zaghouan,22/03/2025,DetailsAnnonceImmobilier.asp?cod_ann=3383406
Villa s raoued sidi,260 000,Maisons,Raoued,22/03/2025,DetailsAnnonceImmobilier.asp?cod_ann=3255076
Duplex albarracin à,750 000,Duplex,Cite El Khalil,22/03/2025,DetailsAnnonceImmobilier.asp?cod_ann=3349161
Lot 327 pas loin salle d,294 300,Terrain nu,Hammam Sousse G,22/03/2025,DetailsAnnonceImmobilier.asp?cod_ann=3390942
Appt s3 avec une terrass,3 500,App. 4 pièc,Berge Du Lac,22/03/2025,DetailsAnnonceImmobilier.asp?cod_ann=3389634
Etage de villa pampe,450 000,App. 1 pièc,Sidi Bousaid,22/03/2025,DetailsAnnonceImmobilier.asp?cod_ann=3390941
Studio rez de chaussé me,370,App. 1 pièc,Sousse,22/03/2025,DetailsAnnonceImmobilier.asp?cod_ann=3383452
Mourouj 4 maison indépendante,500,App. 3 pièc,El Mourouj,22/03/2025,DetailsAnnonceImmobilier.asp?cod_ann=3386751
Rez de chaussé meublé,750,App. 2 pièc,Sahloul,22/03/2025,DetailsAnnonceImmobilier.asp?cod_ann=3379567
S2 meublé pour tt lannée,1 000,App. 3 pièc,El Kantaoui,22/03/2025,DetailsAnnonceImmobilier.asp?cod_ann=3387162
Appt s3 vide ou meublé a,2 000,App. 4 pièc,Jardins de Cart,22/03/2025,DetailsAnnonceImmobilier.asp?cod_ann=3385463
Bureaux neufs en h4 cent,2 500,Autre,Republique,22/03/2025,DetailsAnnonceImmobilier.asp?cod_ann=3362458
Duplex s3 a ennasr 2,640 000,Duplex,Cite Ennasr 2,22/03/2025,DetailsAnnonceImmobilier.asp?cod_ann=2994301
Immeuble de 2000m au lac,160,Autre,Le Kram,22/03/2025,DetailsAnnonceImmobilier.asp?cod_ann=3375670
Immeuble 5050 m au centr,65 000,Autre,Republique,22/03/2025,DetailsAnnonceImmobilier.asp?cod_ann=3364318
Plateau 200 m 7 pièces à,4 000,Autre,Mutuelle Ville,22/03/2025,DetailsAnnonceImmobilier.asp?cod_ann=3350769
Triplex usg bur ou comme,5 000,Autre,Mutuelle Ville,22/03/2025,DetailsAnnonceImmobilier.asp?cod_ann=3349006
Villa moderne s4 à mutue,4 500,Autre,Mutuelle Ville,22/03/2025,DetailsAnnonceImmobilier.asp?cod_ann=3346601
Triplex  à gammarth,7 100,Autre,Gammart,22/03/2025,DetailsAnnonceImmobilier.asp?cod_ann=3387761
Villa avec piscine  à ga,5 300,Maisons,Gammart,22/03/2025,DetailsAnnonceImmobilier.asp?cod_ann=3387157
Une villa à gammarth,5 500,Maisons,Gammart,22/03/2025,DetailsAnnonceImmobilier.asp?cod_ann=3387135
S plus 3 a ennasr 2,310 000,App. 4 pièc,Cite Ennasr 2,22/03/2025,DetailsAnnonceImmobilier.asp?cod_ann=3312626
Bureau h3 à côté de,1 350,Bureau,Montplaisir,22/03/2025,DetailsAnnonceImmobilier.asp?cod_ann=3389139
Riadh el andalous joli a,999,App. 3 pièc,Riadh Landlous,22/03/2025,DetailsAnnonceImmobilier.asp?cod_ann=3390797
Rdc villa s2 avec jardin,950,Maisons,Cite Ennasr 2,22/03/2025,DetailsAnnonceImmobilier.asp?cod_ann=3386043
Joli etage de villa à ri,1 149,Maisons,Riadh Landlous,22/03/2025,DetailsAnnonceImmobilier.asp?cod_ann=3390940
S 2   cite el wahat   te,280 000,App. 2 pièc,El Aouina,22/03/2025,DetailsAnnonceImmobilier.asp?cod_ann=3390580
Réf 98v appartement s3 aux ce,220 000,App. 4 pièc,Republique,22/03/2025,DetailsAnnonceImmobilier.asp?cod_ann=3371923
Etage de villa ovied,600 000,App. 2 pièc,Sidi Bousaid,22/03/2025,DetailsAnnonceImmobilier.asp?cod_ann=3374626
Villa   lac 1   tel 5215,13 000,Autre,Berge Du Lac,22/03/2025,DetailsAnnonceImmobilier.asp?cod_ann=3390415
S 1  cite wahat   tel 52,175 000,App. 1 pièc,El Aouina,22/03/2025,DetailsAnnonceImmobilier.asp?cod_ann=3390573
Réf 30v appartement s3 vide,360 000,App. 4 pièc,El Aouina,22/03/2025,DetailsAnnonceImmobilier.asp?cod_ann=3351121
S1 avec meuble,1 100,App. 1 pièc,El Aouina,22/03/2025,DetailsAnnonceImmobilier.asp?cod_ann=3390172
Réf 95v appartement s2 aux ja,275 000,App. 3 pièc,El Aouina,22/03/2025,DetailsAnnonceImmobilier.asp?cod_ann=3370578
Appt s2 de 120m2 à ain z,1 500,App. 3 pièc,Ain Zaghouan,22/03/2025,DetailsAnnonceImmobilier.asp?cod_ann=3375725
Appartement s2 jbal khawi,850,App. 2 pièc,Cite Aziza,22/03/2025,DetailsAnnonceImmobilier.asp?cod_ann=3377274
S1 meublé la soukra,600,App. 1 pièc,La Soukra,22/03/2025,DetailsAnnonceImmobilier.asp?cod_ann=2955015
Bur 5 étage sup100m 3piè,2 500,App. 3 pièc,Montplaisir,22/03/2025,DetailsAnnonceImmobilier.asp?cod_ann=3290782
vacances villa en s,650,Maisons,Hammamet,22/03/2025,DetailsAnnonceImmobilier.asp?cod_ann=3390939
S2 meublé a soukra par s,1 600,App. 3 pièc,La Soukra,22/03/2025,DetailsAnnonceImmobilier.asp?cod_ann=3127344
S1 richement meublé aux jardi,1 100,App. 2 pièc,El Aouina,22/03/2025,DetailsAnnonceImmobilier.asp?cod_ann=3383547
App s1 cité lwahat,950,App. 1 pièc,El Aouina,22/03/2025,DetailsAnnonceImmobilier.asp?cod_ann=3383883
Bureau h4 sup 180m a bel,2 600,Autre,Tunis Belvedere,22/03/2025,DetailsAnnonceImmobilier.asp?cod_ann=3380926
S1 meublé a soukra,550,Maisons,La Soukra,22/03/2025,DetailsAnnonceImmobilier.asp?cod_ann=2986014
Studio s1 meublé aux jardins,920,App. 2 pièc,El Aouina,22/03/2025,DetailsAnnonceImmobilier.asp?cod_ann=3387023
Local commercial 110 m a,2 000,Autre,Hedi Chaker,22/03/2025,DetailsAnnonceImmobilier.asp?cod_ann=3265479
Appartement s1 aux jardins de,1 300,App. 2 pièc,Jardins de Cart,22/03/2025,DetailsAnnonceImmobilier.asp?cod_ann=3388371
S2 ain zaghouan nord,1 700,App. 3 pièc,Ain Zaghouan,22/03/2025,DetailsAnnonceImmobilier.asp?cod_ann=3389766
